TITLE,DESCRIPTION,FILE,YOUTUBE,URL,NEW_DESC
test คู่มือ,,nan,nan,nan,test คู่มือ
คู่มือการทดลองราชการ,,nan,nan,nan,คู่มือการทดลองราชการ
55566666,,download/article/article_20140512143135.pdf,nan,nan,55566666
คู่มือการประเมินผลการปฏิบัติราชการ : แนวทางการกำหนดตัวชี้วัดและค่าเป้าหมาย (สำหรับใช้เป็นแนวทางการกำหนดตัวชี้วัดระดับบุคคล),,download/article/article_20140512153231.pdf,nan,nan,คู่มือการประเมินผลการปฏิบัติราชการ : แนวทางการกำหนดตัวชี้วัดและค่าเป้าหมาย (สำหรับใช้เป็นแนวทางการกำหนดตัวชี้วัดระดับบุคคล)
คู่มือการใช้งานระบบ DPIS ,,download/article/article_20140512153629.pdf,nan,nan,คู่มือการใช้งานระบบ DPIS 
