TITLE,DESCRIPTION,FILE,YOUTUBE,URL,NEW_DESC
ชื่อหน่วยงานใน สป. (อังกฤษ),,nan,nan,nan,ชื่อหน่วยงานใน สป. (อังกฤษ)
ชื่อตำแหน่งสายงาน (อังกฤษ),,download/article/menu/position_eng.pdf,nan,nan,ชื่อตำแหน่งสายงาน (อังกฤษ)
เครื่องราชอิสริยาภรณ์ และพระราชทานเพลิงศพ,,nan,nan,nan,เครื่องราชอิสริยาภรณ์ และพระราชทานเพลิงศพ
เครื่องแบบของข้าราชการ ลูกจ้างประจำ และพนักงานราชการ,,nan,nan,nan,เครื่องแบบของข้าราชการ ลูกจ้างประจำ และพนักงานราชการ
คลังความรู้,,nan,nan,nan,คลังความรู้
คู่มือ (Manual),,nan,nan,nan,คู่มือ (Manual)
บุคคลดีเด่นที่ได้รับการยกย่องและเชิดชูเกียรติ,,nan,nan,nan,บุคคลดีเด่นที่ได้รับการยกย่องและเชิดชูเกียรติ
แผนบริหารทรัพยากรบุคคล,,nan,nan,nan,แผนบริหารทรัพยากรบุคคล
เครื่องราชอิสริยาภรณ์ และพระราชทานเพลิงศพ ,,nan,nan,nan,เครื่องราชอิสริยาภรณ์ และพระราชทานเพลิงศพ 
เครื่องแบบของข้าราชการ ลูกจ้างประจำ และพนักงานราชการ ,,nan,nan,nan,เครื่องแบบของข้าราชการ ลูกจ้างประจำ และพนักงานราชการ 
บุคคลดีเด่นที่ได้รับการยกย่องและเชิดชูเกียรติ ,,nan,nan,nan,บุคคลดีเด่นที่ได้รับการยกย่องและเชิดชูเกียรติ 
