TITLE,DESCRIPTION,FILE,YOUTUBE,URL,NEW_DESC
ทดสอบ2,,download/article/article_20151006152249.pdf,nan,nan,ทดสอบ2
การทดสอบ,,download/article/article_20151006151948.docx,nan,nan,การทดสอบ
test,,nan,https://www.youtube.com/watch?v=Zwq-T5esX_Y&feature=youtu.be,nan,<p>[embed]https://www.youtube.com/watch?v=Zwq-T5esX_Y&feature=youtu.be[/embed]</p>
ทดลองใหม่ จ,,nan,https://www.youtube.com/watch?v=Zwq-T5esX_Y&feature=youtu.be,nan,<p>[embed]https://www.youtube.com/watch?v=Zwq-T5esX_Y&feature=youtu.be[/embed]</p>
